name,gender,birthyear,n_raters,occupation,industry,TIPI_1,TIPI_2,TIPI_3,TIPI_4,TIPI_5,TIPI_6,TIPI_7,TIPI_8,TIPI_9,TIPI_10,likability,pred_likability
Barack Obama,Male,1961,29,POLITICIAN,GOVERNMENT,5.758620689655173,3.3448275862068964,6.137931034482759,2.310344827586207,5.413793103448276,3.103448275862069,5.448275862068965,1.793103448275862,6,3.1379310344827585,45.86206896551724,21.19511043549629
Kim Kardashian,Female,1980,32,CELEBRITY,MEDIA PERSONALITY,6.09375,4.96875,3.96875,4.71875,5.03125,1.8125,3.15625,3.78125,3.3125,3.3125,-23.96875,-10.325456552911692
Mark Zuckerberg,Male,1984,27,BUSINESSPERSON,BUSINESS,2.814814814814815,5.37037037037037,5.037037037037037,3.814814814814815,4.148148148148148,5.407407407407407,2.111111111111111,2.4444444444444446,4.518518518518518,3.4814814814814814,-37.07407407407408,19.80100025538407
Cristiano Ronaldo,Male,1985,11,SOCCER PLAYER,TEAM SPORTS,6.090909090909091,4,6.090909090909091,3.363636363636364,5,3.272727272727273,4.909090909090909,2.5454545454545454,4.727272727272728,3.090909090909091,64.0909090909091,37.483867311230746
John F. Kennedy,Male,1917,33,POLITICIAN,GOVERNMENT,5.696969696969697,3.363636363636364,5.727272727272728,2.333333333333333,5.454545454545454,3.393939393939394,5.454545454545454,2.4242424242424243,5.2727272727272725,2.787878787878788,59.87878787878788,16.459148433742467
Nelson Mandela,Male,1918,24,SOCIAL ACTIVIST,ACTIVISM,4.75,3.1666666666666665,6.333333333333333,2,5.583333333333333,3.75,6.083333333333333,1.625,5.875,2.458333333333333,74.33333333333333,52.93271874299408
Michael Jordan,Male,1963,38,BASKETBALL PLAYER,TEAM SPORTS,5.578947368421052,3.8947368421052633,6.421052631578948,2.8421052631578947,5,3.3684210526315788,4.394736842105263,2.0789473684210527,5.105263157894737,2.921052631578948,50.39473684210526,47.54568623541253
Lionel Messi,Male,1987,10,SOCCER PLAYER,TEAM SPORTS,5.3,3.8,5.9,2.1,4.9,3.8,5.1,2,4.6,3.1,60.7,49.15898229656237
Bill Gates,Male,1955,34,BUSINESSPERSON,BUSINESS,4.0588235294117645,3.7058823529411766,6.235294117647059,2.8823529411764706,5.323529411764706,4.676470588235294,4.088235294117647,1.7058823529411764,5.411764705882353,2.117647058823529,24,0.115364257032315
George Bush,Male,1946,32,POLITICIAN,GOVERNMENT,4.15625,4.78125,4.09375,3.40625,3.5625,4.0625,3.6875,4.0625,4.28125,4.875,-19.25,-10.051072710057426
John Cena,Male,1977,30,WRESTLER,INDIVIDUAL SPORTS,6.4,3,6.2,2.6333333333333333,5.7,2.066666666666667,5.1,2.066666666666667,4.8,2.833333333333333,51.1,50.63138594249685
Elizabeth II of the United Kingdom,Female,1926,18,NOBLEMAN,GOVERNMENT,3.5,3.611111111111111,5.5,2.888888888888889,3.555555555555556,5.444444444444445,4.277777777777778,1.6111111111111112,5.333333333333333,4.944444444444445,23.166666666666668,56.27067014302086
Stephen Hawking,Male,1942,34,PHYSICIST,NATURAL SCIENCES,3.794117647058824,3.764705882352941,6.235294117647059,2.823529411764706,5.764705882352941,4.735294117647059,4.647058823529412,1.6764705882352942,5.676470588235294,2.088235294117647,65.1470588235294,49.9578806231073
Osama bin Laden,Male,1957,43,EXTREMIST,OUTLAWS,3.372093023255814,6.488372093023256,3.976744186046512,5,3.0930232558139537,3.069767441860465,1.372093023255814,3.488372093023256,2.069767441860465,3.2093023255813957,-92.69767441860463,-50.57881841251913
Sarah Palin,Female,1964,37,POLITICIAN,GOVERNMENT,5.72972972972973,5.162162162162162,4.108108108108108,4.135135135135135,3.675675675675676,2.189189189189189,3.5405405405405403,3.756756756756757,3.783783783783784,4.243243243243243,-21.56756756756757,6.206530457378211
Muhammad Ali,Male,1942,29,BOXER,INDIVIDUAL SPORTS,5.965517241379311,4.103448275862069,6.482758620689655,2.689655172413793,5.517241379310345,2.793103448275862,5.0344827586206895,2.068965517241379,4.896551724137931,2.3448275862068964,61.310344827586206,62.592096659360074
Ronald Reagan,Male,1911,22,POLITICIAN,GOVERNMENT,4.954545454545454,4.909090909090909,5.590909090909091,3.363636363636364,3.727272727272727,3.272727272727273,3.3181818181818183,2.5,4.318181818181818,4.5,-19.045454545454547,14.532219194274488
Charles Manson,Male,1934,32,EXTREMIST,OUTLAWS,5.3125,6.125,2.96875,5.53125,4.46875,2.0625,1.59375,4.625,1.53125,2.46875,-80.8125,-82.26208719540482
Kobe Bryant,Male,1978,23,BASKETBALL PLAYER,TEAM SPORTS,5.826086956521739,3.0869565217391304,6.130434782608695,3.0434782608695654,6,3.0434782608695654,5.043478260869565,2.4347826086956523,5.3478260869565215,3.217391304347826,56.21739130434783,27.352549582094852
LeBron James,Male,1984,29,BASKETBALL PLAYER,TEAM SPORTS,5.448275862068965,4.206896551724138,5.827586206896552,3.3793103448275863,4.793103448275862,2.6206896551724137,4.275862068965517,2.4482758620689653,4.724137931034483,3.1379310344827585,26.655172413793103,33.573065280865336
Bill Clinton,Male,1946,31,POLITICIAN,GOVERNMENT,5.612903225806452,4.32258064516129,4.258064516129032,3.096774193548387,4.774193548387097,2.5806451612903225,4.161290322580645,3.419354838709677,4.741935483870968,4.129032258064516,2.419354838709677,19.39699914227586
Margaret Thatcher,Female,1925,14,POLITICIAN,GOVERNMENT,3.642857142857143,5.214285714285714,5.428571428571429,3.5,3.2142857142857144,4.357142857142857,2.9285714285714284,2.357142857142857,4.571428571428571,4.642857142857143,-11.214285714285714,8.438205262160512
Manny Pacquiáo,Male,1978,12,BOXER,INDIVIDUAL SPORTS,5.083333333333333,4.5,5.916666666666667,3.25,5.083333333333333,3.5,4.75,3.25,4.25,3.583333333333333,49.91666666666666,28.152231166138744
David Beckham,Male,1975,27,SOCCER PLAYER,TEAM SPORTS,5.407407407407407,3.2962962962962963,5.925925925925926,2.925925925925926,5.518518518518518,3.925925925925926,5.037037037037037,2.4814814814814814,5.222222222222222,3.1481481481481484,52.92592592592592,53.271612989058085
Mitt Romney,Male,1947,28,POLITICIAN,GOVERNMENT,4.607142857142857,4.964285714285714,4.428571428571429,3.5357142857142856,3.5,3.25,3.2857142857142856,3.2142857142857144,4.071428571428571,5.035714285714286,-13.571428571428571,-2.534946649503567
Richard Nixon,Male,1913,20,POLITICIAN,GOVERNMENT,4.05,5.7,4.2,4.95,2.85,3.4,2.5,3.75,3.4,4.4,-31.4,-22.620874117903572
Warren Buffett,Male,1930,24,BUSINESSPERSON,BUSINESS,4.583333333333333,3.75,6.458333333333333,2.708333333333333,4.708333333333333,4.208333333333333,3.583333333333333,1.7916666666666667,5.625,3.583333333333333,17.416666666666668,7.353329693374519
Mike Tyson,Male,1966,29,BOXER,INDIVIDUAL SPORTS,5.413793103448276,5.862068965517241,4.827586206896552,4.586206896551724,4.931034482758621,2.827586206896552,3.6206896551724137,2.9655172413793105,2.7241379310344827,3.4827586206896552,13.06896551724138,23.354836591338596
Malcolm X,Male,1925,17,SOCIAL ACTIVIST,ACTIVISM,6.176470588235294,4.647058823529412,6.0588235294117645,3.647058823529412,5.647058823529412,1.8823529411764703,4.823529411764706,1.8823529411764703,4.470588235294118,2.0588235294117645,48.11764705882353,38.84510749526997
Walt Disney,Male,1901,29,PRODUCER,BUSINESS,5.586206896551724,3.896551724137931,5.758620689655173,3.1724137931034484,5.724137931034483,3.5517241379310347,4.793103448275862,2.068965517241379,4.517241379310345,2.206896551724138,33.827586206896555,6.591293235207996
John McCain,Male,1936,29,POLITICIAN,GOVERNMENT,4.655172413793103,4.0344827586206895,5.586206896551724,2.689655172413793,3.9655172413793114,3.3448275862068964,4.206896551724138,2.4827586206896552,5.0344827586206895,4.137931034482759,17.551724137931036,3.5479941910959703
Michael Phelps,Male,1985,34,SWIMMER,INDIVIDUAL SPORTS,5.088235294117647,3.0588235294117645,6.117647058823529,3.235294117647059,5.382352941176471,4.352941176470588,5.0588235294117645,2.617647058823529,4.941176470588236,3.5588235294117645,44.38235294117647,40.35834185911763
Oprah Winfrey,Female,1954,29,PRESENTER,MEDIA PERSONALITY,6.655172413793103,3.1379310344827585,6,2.2758620689655173,5.620689655172414,2,5.586206896551724,1.6551724137931034,5.379310344827586,2.6206896551724137,48.03448275862069,52.92978834529696
Tiger Woods,Male,1975,29,GOLFER,INDIVIDUAL SPORTS,4.689655172413793,4.206896551724138,5.0344827586206895,3.7586206896551726,4.517241379310345,3.827586206896552,3.5172413793103448,2.9655172413793105,3.931034482758621,4.0344827586206895,3.655172413793104,19.049721700861877
Neil Armstrong,Male,1930,28,ASTRONAUT,EXPLORERS,5.071428571428571,2.892857142857143,6.464285714285714,2.5357142857142856,6.392857142857143,3.7857142857142856,4.857142857142857,1.8214285714285712,5.892857142857143,2.7857142857142856,58.25,46.03927207820906
Rafael Nadal,Male,1986,10,TENNIS PLAYER,INDIVIDUAL SPORTS,5.4,4.4,6.7,3.4,5.3,3.5,4.1,2.3,4.1,3.1,29.4,64.70326172168254
Shaquille O'Neal,Male,1972,27,BASKETBALL PLAYER,TEAM SPORTS,6.148148148148148,2.740740740740741,6,2.407407407407407,5.777777777777778,2.888888888888889,5.481481481481482,2.1481481481481484,5.37037037037037,2.333333333333333,65.92592592592592,52.59483756003057
Paris Hilton,Female,1981,30,CELEBRITY,MEDIA PERSONALITY,5.866666666666666,4.066666666666666,3.966666666666667,4.166666666666667,5.166666666666667,2.4,4,3.566666666666667,3.7,3.2666666666666666,17.7,13.302199553375946
Hugh Hefner,Male,1926,30,BUSINESSPERSON,BUSINESS,6.033333333333333,3.7,4.9,2.5,5.533333333333333,2.6333333333333333,3.966666666666667,2.6666666666666665,4.7,2.6,12.666666666666666,-1.0467254323461788
Ted Bundy,Male,1946,24,EXTREMIST,OUTLAWS,4.458333333333333,5.125,3,4.666666666666667,3.8333333333333335,3.375,1.7083333333333333,2.958333333333333,2,2.875,-96,-70.66117241122774
Ronaldo,Male,1976,10,SOCCER PLAYER,TEAM SPORTS,5.9,3.5,6.3,3,5.1,3.5,5,2.5,5.7,3.3,35.4,52.596655611644664
Usain Bolt,Male,1986,24,ATHLETE,INDIVIDUAL SPORTS,5.708333333333333,3.083333333333333,6.666666666666667,2.7916666666666665,5.333333333333333,3.7916666666666665,5.166666666666667,2.375,5.166666666666667,2.875,60.54166666666666,42.007694376382034
George H. W. Bush,Male,1924,27,POLITICIAN,GOVERNMENT,4.037037037037037,4.037037037037037,4.814814814814815,3.555555555555556,3.5185185185185186,4.037037037037037,3.592592592592593,3.2962962962962963,4.407407407407407,4.962962962962963,-15.444444444444445,1.242353688254763
Fidel Castro,Male,1926,19,POLITICIAN,GOVERNMENT,4.631578947368421,6.157894736842105,4.368421052631579,4.7368421052631575,3.631578947368421,2.210526315789474,2.526315789473684,2.736842105263158,3.210526315789474,3.473684210526316,-42.578947368421055,-15.353789495927202
Jimmy Carter,Male,1924,28,POLITICIAN,GOVERNMENT,4.821428571428571,2.75,5.892857142857143,2.321428571428572,4.75,4.535714285714286,5.642857142857143,2.142857142857143,5.75,3.9642857142857135,40.60714285714285,-18.494538816852067
Hulk Hogan,Male,1953,18,WRESTLER,INDIVIDUAL SPORTS,6.388888888888889,5.055555555555555,4.888888888888889,3.333333333333333,4.111111111111111,1.6111111111111112,3.555555555555556,3.055555555555556,3,3.333333333333333,1,-0.8218426246858428
Mother Teresa,Female,1910,32,SOCIAL ACTIVIST,ACTIVISM,4.15625,2.4375,6.25,2.3125,5.15625,4.9375,5.90625,2.03125,5.96875,3.25,55.96875,38.630296526693726
Jeffrey Dahmer,Male,1960,27,EXTREMIST,OUTLAWS,3.4814814814814814,5.148148148148148,3.333333333333333,5.37037037037037,3.4444444444444446,5.111111111111111,1.3333333333333333,3.962962962962963,1.6296296296296295,2.555555555555556,-92.55555555555556,-27.343230133105383
David Bautista,Male,1969,18,WRESTLER,INDIVIDUAL SPORTS,5.888888888888889,3.1666666666666665,6.166666666666667,2.7777777777777777,5.444444444444445,3.333333333333333,4.722222222222222,2.4444444444444446,5,2.833333333333333,55.833333333333336,49.51133685507174
Randy Orton,Male,1980,10,WRESTLER,INDIVIDUAL SPORTS,5.3,4.2,5.4,3.2,4.8,3.7,3.7,3.1,4,3.9,25,44.75216187421305
Donald Trump,Male,1946,34,BUSINESSPERSON,BUSINESS,5.088235294117647,6.676470588235294,2.8823529411764706,5.617647058823529,3,1.1470588235294117,1.7058823529411764,5.294117647058823,1.6764705882352942,4.382352941176471,-65.23529411764706,-43.06024242336869
Stephen King,Male,1947,29,WRITER,LANGUAGE,3.5172413793103448,4.275862068965517,5.758620689655173,3.413793103448276,5.241379310344827,4.689655172413793,3.5517241379310347,2.4827586206896552,4.344827586206897,1.7586206896551724,24.06896551724138,25.44337204525874
Simon Cowell,Male,1959,21,PRODUCER,BUSINESS,5.285714285714286,6.619047619047619,5.714285714285714,4.095238095238095,4.333333333333333,2.333333333333333,2.238095238095238,2.761904761904762,3.6666666666666665,3.6666666666666665,2.1904761904761907,18.10399052222334
Rosa Parks,Female,1913,26,SOCIAL ACTIVIST,ACTIVISM,4.5,4,6.153846153846154,2.6538461538461537,5.423076923076923,4.153846153846154,5.769230769230769,1.8846153846153848,5.538461538461538,2.3846153846153846,82.11538461538461,51.54196872927283
Kim Jong-il,Male,1941,18,POLITICIAN,GOVERNMENT,3.7222222222222223,6.666666666666667,3.888888888888889,5.055555555555555,2.5,4,1.3333333333333333,3.9444444444444446,1.9444444444444444,4.277777777777778,-86.38888888888889,-70.15995724176076
Steve Wozniak,Male,1950,15,INVENTOR,INVENTION,5.133333333333334,3.333333333333333,5.8,3.066666666666667,6.066666666666666,4.133333333333334,5.133333333333334,2.1333333333333333,5,1.8,60.333333333333336,23.511352517928906
Anne Frank,Female,1929,29,WRITER,LANGUAGE,4.241379310344827,2.4827586206896552,6.103448275862069,3.206896551724138,5.068965517241379,5.206896551724138,6.310344827586207,1.7586206896551724,5.275862068965517,2.2413793103448274,87.3103448275862,45.759480756952385
Michelle Obama,Female,1964,24,COMPANION,COMPANIONS,5.583333333333333,2.958333333333333,5.708333333333333,2.2916666666666665,5.416666666666667,3.5,5.666666666666667,2,5.583333333333333,2.4166666666666665,59.708333333333336,51.207415063469696
Saddam Hussein,Male,1937,37,POLITICIAN,GOVERNMENT,4.216216216216216,6.405405405405405,4.054054054054054,5.54054054054054,3.1621621621621623,2.297297297297298,1.4054054054054057,3.27027027027027,2.189189189189189,3.675675675675676,-86.32432432432432,-63.823437836863675
Joe Biden,Male,1942,35,POLITICIAN,GOVERNMENT,4.942857142857143,3.6857142857142855,4.971428571428572,3.257142857142857,4.457142857142857,3.628571428571429,5.114285714285714,3.2,4.971428571428572,4.2,33,25.72282637414874
J. K. Rowling,Female,1965,32,WRITER,LANGUAGE,4.1875,4.75,5.65625,3.46875,4.65625,4.125,4.4375,2.53125,4.5625,2.15625,21.28125,34.75364475297278
Vladimir Putin,Male,1952,31,POLITICIAN,GOVERNMENT,4.612903225806452,6.32258064516129,5.290322580645161,4.290322580645161,3.2580645161290325,3.129032258064516,1.6129032258064515,2.3870967741935485,3.2580645161290325,4.161290322580645,-68.83870967741936,-38.73263516872011
Pope Benedict XVI,Male,1927,15,RELIGIOUS FIGURE,RELIGION,3.533333333333333,3.4,5.866666666666666,2.533333333333333,3.733333333333333,4.533333333333333,5,2,5.733333333333333,4.533333333333333,30.266666666666666,0.2261556396706581
Magic Johnson,Male,1959,28,BASKETBALL PLAYER,TEAM SPORTS,6.178571428571429,2.607142857142857,5.892857142857143,2.4285714285714284,5.607142857142857,2.75,5.357142857142857,2.321428571428572,5.25,2.571428571428572,55.535714285714285,53.18319662145329
Jeff Hardy,Male,1977,11,WRESTLER,INDIVIDUAL SPORTS,5.636363636363637,4,4.818181818181818,3.090909090909091,5,2.727272727272727,4.363636363636363,4.636363636363637,3.5454545454545454,3.090909090909091,37.36363636363637,39.42598599602736
Jacqueline Kennedy Onassis,Female,1929,17,COMPANION,COMPANIONS,4.470588235294118,2.235294117647059,5.647058823529412,3.0588235294117645,5,5,5.470588235294118,2,5.823529411764706,3.294117647058824,67.41176470588235,48.45738081345365
Lyndon B. Johnson,Male,1908,25,POLITICIAN,GOVERNMENT,5.48,4.96,5.36,3.52,4.6,3.2,4.28,2.48,4.88,3.8,30.72,5.664819285317531
Ayn Rand,Female,1905,10,WRITER,LANGUAGE,3.7,5.2,6.4,3.5,5.3,4.4,3.6,2.4,5.1,2.5,19.6,14.61412350558671
Bear Grylls,Male,1974,18,PRESENTER,MEDIA PERSONALITY,5.888888888888889,2.7777777777777777,6.388888888888889,2,6.555555555555555,2.333333333333333,4.888888888888889,2,5.555555555555555,2.4444444444444446,37.833333333333336,20.314419402016313
Howard Hughes,Male,1905,15,BUSINESSPERSON,BUSINESS,3.466666666666667,4.866666666666666,4.533333333333333,5.266666666666667,4.4,4.666666666666667,2.7333333333333334,3.333333333333333,2.6,1.8,-2.333333333333333,28.16586038487896
Heidi Klum,Female,1973,22,MODEL,MEDIA PERSONALITY,5.818181818181818,3.363636363636364,5.7727272727272725,2.772727272727273,5.636363636363637,2.590909090909091,4.954545454545454,2.1818181818181817,4.954545454545454,2.6818181818181817,37.22727272727273,21.092523758304345
Pope John Paul II,Male,1920,13,RELIGIOUS FIGURE,RELIGION,4.307692307692308,1.8461538461538465,6.153846153846154,1.6153846153846154,4.153846153846154,5.307692307692308,6.307692307692308,1.6923076923076923,6.307692307692308,4.538461538461538,38.53846153846154,51.39894449503326
Ron Paul,Male,1935,14,POLITICIAN,GOVERNMENT,5.642857142857143,5.5,4.642857142857143,4.285714285714286,4.571428571428571,2.7857142857142856,3.642857142857143,3.571428571428572,4.357142857142857,3.857142857142857,8.214285714285714,12.793846231516422
Lance Armstrong,Male,1971,23,CYCLIST,INDIVIDUAL SPORTS,5.782608695652174,3.8260869565217392,4.652173913043479,3.260869565217391,5.217391304347826,3.0869565217391304,3.739130434782609,3.0434782608695654,4.173913043478261,3.130434782608696,-0.0434782608695652,17.196712251675514
Dr. Seuss,Male,1904,28,WRITER,LANGUAGE,5.035714285714286,3.142857142857143,5.428571428571429,3.0357142857142856,5.464285714285714,3.9642857142857135,5.142857142857143,2.321428571428572,4.535714285714286,1.5357142857142858,53.71428571428572,58.20312740722864
Chris Jericho,Male,1970,12,WRESTLER,INDIVIDUAL SPORTS,6.5,4.25,5.416666666666667,3.083333333333333,5.25,1.9166666666666667,4.166666666666667,3.4166666666666665,4.166666666666667,3.5,45.333333333333336,22.31143262234732
O. J. Simpson,Male,1947,30,AMERICAN FOOTBALL PLAYER,TEAM SPORTS,5.133333333333334,5.766666666666667,3.2,5.466666666666667,4.033333333333333,2.7333333333333334,2.1666666666666665,4.266666666666667,2.066666666666667,3.7,-65.3,-34.66085316334457
Gisele Bündchen,Female,1980,16,MODEL,MEDIA PERSONALITY,5.375,3.25,5.5,3,5.125,3.75,5,2.5,5.1875,3.25,34.25,64.15220333992599
Pablo Escobar,Male,1949,18,MAFIOSO,OUTLAWS,5.222222222222222,5.944444444444445,4.833333333333333,5,5,2.7222222222222223,2.111111111111111,2.7222222222222223,2.9444444444444446,2.611111111111111,-55.27777777777778,-39.43539857296007
Hillary Rodham Clinton,Female,1947,29,POLITICIAN,GOVERNMENT,5.344827586206897,5.172413793103448,5.586206896551724,3.586206896551724,4.344827586206897,2.6206896551724137,3.724137931034482,2.3448275862068964,4.620689655172414,4.275862068965517,3.310344827586207,-8.68128497955242
Gerald R. Ford,Male,1913,17,POLITICIAN,GOVERNMENT,4.117647058823529,4.176470588235294,5.823529411764706,2.5294117647058822,4.470588235294118,4.294117647058823,4.529411764705882,1.8823529411764703,5.176470588235294,4.411764705882353,27.88235294117647,46.60327461566618
Serena Williams,Female,1981,22,TENNIS PLAYER,INDIVIDUAL SPORTS,5.727272727272728,3.3181818181818183,6.681818181818182,3.0454545454545454,5.136363636363637,2.772727272727273,5.363636363636363,1.6363636363636365,5.409090909090909,2.727272727272727,64.54545454545455,47.83658776047912
SIR Richard Branson,Male,1950,11,BUSINESSPERSON,BUSINESS,6,3.727272727272727,6,3.1818181818181817,6.2727272727272725,2.1818181818181817,4.636363636363637,2.272727272727273,4.636363636363637,1.818181818181818,37.63636363636363,36.50361253257313
Robert F. Kennedy,Male,1925,19,POLITICIAN,GOVERNMENT,5.315789473684211,3.473684210526316,5.894736842105263,3.1052631578947367,5,3.473684210526316,5.157894736842105,2.3157894736842106,5.2631578947368425,3.736842105263158,45.526315789473685,58.57176311412995
Julian Assange,Male,1971,15,JOURNALIST,LANGUAGE,3.866666666666666,5.8,4.133333333333334,4.466666666666667,4.533333333333333,3.933333333333333,2.8666666666666667,3.466666666666667,3.6666666666666665,2.6666666666666665,-10.6,7.231541276062842
Maria Sharapova,Female,1987,11,TENNIS PLAYER,INDIVIDUAL SPORTS,5.181818181818182,3.8181818181818175,6.2727272727272725,3.5454545454545454,4.727272727272728,3.090909090909091,4.454545454545454,2,4.545454545454546,3.727272727272727,44.63636363636363,22.842733264843837
Ted Kennedy,Male,1932,14,POLITICIAN,GOVERNMENT,5.5,4.642857142857143,5.071428571428571,3.5,4.428571428571429,3.2857142857142856,4.428571428571429,2.571428571428572,4.642857142857143,3.928571428571429,13.928571428571429,23.206948423684164
Julia Child,Female,1912,15,CHEF,MEDIA PERSONALITY,6.266666666666667,2.2666666666666666,6.533333333333333,2.533333333333333,6,2.933333333333333,6.066666666666666,2,5.333333333333333,1.6,76.66666666666667,41.074885413827104
Lee Harvey Oswald,Male,1939,16,EXTREMIST,OUTLAWS,2.8125,5.8125,3.9375,5.75,3.75,5.0625,1.6875,4.25,1.875,3.75,-84.1875,-31.517512691915417
Tyra Banks,Female,1973,31,MODEL,MEDIA PERSONALITY,6,4.064516129032258,5.709677419354839,3.870967741935484,4.967741935483871,2,4.161290322580645,2.774193548387097,3.7096774193548394,2.903225806451613,26.032258064516128,31.958545533481335
Vince McMahon,Male,1945,13,BUSINESSPERSON,BUSINESS,6.076923076923077,5.769230769230769,5.307692307692308,4.846153846153846,4.6923076923076925,1.5384615384615383,2.6923076923076925,2.8461538461538463,2.769230769230769,2.076923076923077,-3.230769230769231,-18.426015086807386
Jackie Robinson,Male,1919,15,BASEBALL PLAYER,TEAM SPORTS,5.133333333333334,2.533333333333333,6.333333333333333,2.2666666666666666,5.533333333333333,3.733333333333333,5.266666666666667,2.2,5.6,2.4,73.4,63.46275087121603
Bam Margera,Male,1979,12,SKATER,INDIVIDUAL SPORTS,6.416666666666667,5.166666666666667,3.1666666666666665,5,6.083333333333333,1.4166666666666667,3.583333333333333,5.416666666666667,2.583333333333333,1.6666666666666667,20.08333333333333,25.349532826625953
Alan Turing,Male,1912,13,COMPUTER SCIENTIST,COMPUTER SCIENCE,3,3.3076923076923075,5.6923076923076925,4.076923076923077,5.230769230769231,5.153846153846154,4.6923076923076925,2.6153846153846154,4.461538461538462,2,58.07692307692308,51.72040514709041
Lamar Odom,Male,1979,11,BASKETBALL PLAYER,TEAM SPORTS,4.818181818181818,4.363636363636363,3.5454545454545454,4.2727272727272725,4.818181818181818,3.1818181818181817,4.363636363636363,4.090909090909091,3.272727272727273,3.272727272727273,13.363636363636363,16.96195545995742
Conan O'Brien,Male,1963,34,PRESENTER,MEDIA PERSONALITY,6.676470588235294,3.5,5.5588235294117645,2.823529411764706,5.647058823529412,1.8529411764705883,5.088235294117647,2.8529411764705883,4.970588235294118,2.411764705882353,54.94117647058823,42.537007817747046
Zodiac Killer,Male,1940,17,EXTREMIST,OUTLAWS,3.0588235294117645,6.176470588235294,3.5294117647058822,5.647058823529412,3.823529411764706,4.529411764705882,1.2941176470588236,3.0588235294117645,1.6470588235294117,2.411764705882353,-96.52941176470588,-38.077372936182854
Prince Harry of Wales,Male,1984,32,NOBLEMAN,GOVERNMENT,4.5625,3.65625,5.09375,3.59375,5.46875,4.09375,5,2.84375,4.59375,3.53125,36.75,4.757168019624004
Dwyane Wade,Male,1982,22,BASKETBALL PLAYER,TEAM SPORTS,5.636363636363637,3.5,5.818181818181818,3,5.181818181818182,2.772727272727273,5.045454545454546,2.3181818181818183,5.090909090909091,2.9545454545454546,46.90909090909091,54.25566405704126
Simon Pegg,Male,1970,15,WRITER,LANGUAGE,6,2.8,5.6,2.533333333333333,5.8,2.8,5.2,2.4,5.2,1.4666666666666666,69.86666666666666,50.52950904787616
Dennis Rodman,Male,1961,13,BASKETBALL PLAYER,TEAM SPORTS,6.307692307692308,4.846153846153846,4.153846153846154,4.307692307692308,5.769230769230769,1.4615384615384617,4.230769230769231,3.1538461538461537,2.923076923076923,1.5384615384615383,37.61538461538461,10.29553654546022
Roger Ebert,Male,1942,21,CRITIC,LANGUAGE,4.9523809523809526,5.428571428571429,5.714285714285714,3.2857142857142856,5.523809523809524,3.238095238095238,4,2.1904761904761907,4.666666666666667,2.761904761904762,38.66666666666666,63.94915001382813
Roald Dahl,Male,1916,12,WRITER,LANGUAGE,4.333333333333333,3.583333333333333,5.5,2.9166666666666665,5.416666666666667,4.583333333333333,4.666666666666667,2.75,4.583333333333333,1.0833333333333333,46.5,59.25937052694643
Monica Lewinsky,Female,1973,30,CELEBRITY,MEDIA PERSONALITY,4.933333333333334,3.5,4.5,4.133333333333334,5.133333333333334,3.5,4.533333333333333,3.2666666666666666,4.3,3.733333333333333,12.866666666666667,6.976456489022382
George Orwell,Male,1903,18,WRITER,LANGUAGE,4.055555555555555,3.9444444444444446,6,3.1666666666666665,5.333333333333333,4.388888888888889,4.5,2.4444444444444446,4.722222222222222,1.6666666666666667,70.88888888888889,-11.530119895327118
Stephen Colbert,Male,1964,19,PRESENTER,MEDIA PERSONALITY,6.368421052631579,4.368421052631579,5.631578947368421,3.0526315789473686,4.947368421052632,2.263157894736842,4.578947368421052,2.3157894736842106,4.684210526315789,2.263157894736842,34.21052631578947,36.51975713584519
Carl Sagan,Male,1934,17,ASTRONOMER,NATURAL SCIENCES,5.117647058823529,3.647058823529412,6.117647058823529,2.5294117647058822,6.117647058823529,3.764705882352941,5.176470588235294,1.7058823529411764,5.647058823529412,1.8823529411764703,68.41176470588235,51.7355182514549
André the Giant,Male,1946,23,WRESTLER,INDIVIDUAL SPORTS,4.913043478260869,2.9130434782608696,5.391304347826087,2.869565217391304,5,4.260869565217392,5.565217391304348,2.739130434782609,4.956521739130435,2.608695652173913,56.17391304347826,69.24694791073411
Jim Jones,Male,1931,13,EXTREMIST,OUTLAWS,6,5.615384615384615,4.6923076923076925,4.846153846153846,4.538461538461538,2.1538461538461537,2.4615384615384617,3.5384615384615383,1.3846153846153846,2.5384615384615383,-95.6153846153846,-2.3188944759456476
Yao Ming,Male,1980,13,BASKETBALL PLAYER,TEAM SPORTS,3.5384615384615383,2.4615384615384617,6.230769230769231,2.1538461538461537,4.615384615384615,5.153846153846154,5,1.6153846153846154,5.538461538461538,4.769230769230769,57.61538461538461,58.154643432522846
Kim Jong-un,Male,1983,24,POLITICIAN,GOVERNMENT,3.875,6.541666666666667,3.875,5.75,2.4166666666666665,3.083333333333333,1.625,3.625,2.25,4.583333333333333,-79.41666666666667,-83.3870229121718
Kevin Durant,Male,1988,10,BASKETBALL PLAYER,TEAM SPORTS,5.6,5.1,6.4,3.7,5.2,2.4,5,1.9,4.5,2,47.2,29.188768735055
Wilt Chamberlain,Male,1936,15,BASKETBALL PLAYER,TEAM SPORTS,5.666666666666667,3.466666666666667,5.666666666666667,2.8666666666666667,5.066666666666666,2.6,5,2.6,5,3.4,37.93333333333333,47.871870633655426
Kate Moss,Female,1974,12,MODEL,MEDIA PERSONALITY,4.166666666666667,3.5,4.583333333333333,3.75,5.333333333333333,3.5,4.166666666666667,2.833333333333333,4.083333333333333,2.9166666666666665,20.416666666666668,20.432854953549818
Mikhail Gorbachev,Male,1931,10,POLITICIAN,GOVERNMENT,4.2,4.8,6.1,3.4,4.4,4.1,3.5,1.8,4.9,3.5,0.7,5.353932346354895
Wayne Gretzky,Male,1961,13,HOCKEY PLAYER,TEAM SPORTS,4.846153846153846,3.3076923076923075,5.6923076923076925,3.769230769230769,4.538461538461538,3.923076923076923,4.461538461538462,3.4615384615384617,4.615384615384615,3.4615384615384617,42.30769230769231,65.30549054525214
Bernard L. Madoff,Male,1938,15,BUSINESSPERSON,BUSINESS,4.933333333333334,5.266666666666667,3.866666666666666,4.333333333333333,4.266666666666667,3.066666666666667,2.2,3.1333333333333333,3.2666666666666666,3,-71.06666666666666,-48.063068124627065
Indira Gandhi,Female,1917,11,POLITICIAN,GOVERNMENT,5.2727272727272725,2.727272727272727,6.181818181818182,1.818181818181818,5.727272727272728,3.1818181818181817,5.454545454545454,1.7272727272727273,5.2727272727272725,2.5454545454545454,66,41.696745273018706
Anna Nicole Smith,Female,1967,17,CELEBRITY,MEDIA PERSONALITY,5.823529411764706,3.5294117647058822,3.5294117647058822,4.823529411764706,5.529411764705882,2.3529411764705883,5.176470588235294,4.117647058823529,3.235294117647059,3.176470588235294,23.58823529411765,17.029656920024106
Kareem Abdul-Jabbar,Male,1947,14,BASKETBALL PLAYER,TEAM SPORTS,4.5,3.7857142857142856,6.214285714285714,3,4.928571428571429,3.857142857142857,4.785714285714286,2.357142857142857,5.142857142857143,2.7142857142857144,53.85714285714285,57.776857736862475
Les Paul,Male,1915,13,INVENTOR,INVENTION,5.153846153846154,3.1538461538461537,5.769230769230769,3.230769230769231,5.538461538461538,4.384615384615385,4.615384615384615,2.3846153846153846,5,2,54.69230769230769,38.56247501826742
Condoleezza Rice,Female,1954,23,POLITICIAN,GOVERNMENT,4.434782608695652,4.608695652173913,6,2.8260869565217392,4.304347826086956,3.9130434782608696,4,2.1739130434782608,5.391304347826087,4.565217391304348,19.347826086956523,27.521799680523188
Jon Stewart,Male,1962,17,PRESENTER,MEDIA PERSONALITY,6.117647058823529,5,5.529411764705882,3.294117647058824,5.352941176470588,2.3529411764705883,4.764705882352941,1.8235294117647056,4.470588235294118,1.9411764705882355,61,12.985788648949663
Steve Nash,Male,1974,11,BASKETBALL PLAYER,TEAM SPORTS,5.090909090909091,3.090909090909091,6.2727272727272725,2.727272727272727,5.2727272727272725,3.8181818181818175,5.090909090909091,2.1818181818181817,5.545454545454546,2.5454545454545454,54.18181818181818,85.10795714099207
Hugo Chávez,Male,1954,12,POLITICIAN,GOVERNMENT,4.75,5.333333333333333,4.416666666666667,3.8333333333333335,3.583333333333333,2.75,2.9166666666666665,3.75,3.1666666666666665,3.1666666666666665,-33.333333333333336,-22.5973031618491
Al Gore,Male,1948,23,POLITICIAN,GOVERNMENT,4.913043478260869,4.521739130434782,5.304347826086956,3.565217391304348,4.608695652173913,3.565217391304348,3.782608695652174,2.260869565217391,4.826086956521739,4.173913043478261,21,14.290206010032406
Joss Whedon,Male,1964,11,WRITER,LANGUAGE,5,5.727272727272728,4,4.545454545454546,4.454545454545454,3.090909090909091,2.5454545454545454,3.4545454545454546,3.363636363636364,3.090909090909091,-42.81818181818182,41.07788798940134
Newt Gingrich,Male,1943,14,POLITICIAN,GOVERNMENT,4.357142857142857,5.571428571428571,4.428571428571429,3.857142857142857,3.5,3.2142857142857144,2.7142857142857144,2.642857142857143,3.7142857142857135,3.928571428571429,-25.785714285714285,9.185282486581244
Richard Dawkins,Male,1941,10,BIOLOGIST,NATURAL SCIENCES,5.1,5.4,6.2,3.4,5.8,4,4.8,2.1,5.8,2.6,54,30.92597992852869
Steve Irwin,Male,1962,16,PRESENTER,MEDIA PERSONALITY,6.8125,1.8125,6.1875,2,6.375,1.5625,6,2.0625,5.0625,2,74.6875,36.76782062696251
Dick Cheney,Male,1941,24,POLITICIAN,GOVERNMENT,3.75,5.166666666666667,5.125,3.458333333333333,3.625,3.875,2.583333333333333,2.6666666666666665,4.291666666666667,5,-28.666666666666668,-43.38300661458163
Michael Jackson,Male,1958,36,MUSICIAN,MUSIC,5.111111111111111,3.361111111111111,5.194444444444445,4.555555555555555,5.972222222222222,4.472222222222222,5.25,2.861111111111111,3.305555555555556,1.2777777777777777,25.55555555555556,30.368744787706422
Eminem,Male,1972,24,SINGER,MUSIC,5.083333333333333,5.416666666666667,5.25,4.208333333333333,5.208333333333333,2.708333333333333,3.7916666666666665,3.0416666666666665,3.4166666666666665,1.875,39,14.790020012920168
Justin Bieber,Male,1994,35,SINGER,MUSIC,5.885714285714286,4.228571428571429,4.485714285714286,3.8,5.171428571428572,2.5142857142857142,4.228571428571429,3.7714285714285714,3.8,2.657142857142857,19.51428571428572,16.149304935961005
Lady Gaga,Female,1986,33,MUSICIAN,MUSIC,6.393939393939394,3.121212121212121,5.666666666666667,3.393939393939394,6.363636363636363,2.242424242424242,5.484848484848484,2.363636363636364,4.393939393939394,1.878787878787879,60.18181818181818,48.47049380520442
Lil Wayne,Male,1982,18,SINGER,MUSIC,5.888888888888889,4.277777777777778,4.666666666666667,3.9444444444444446,5,2.055555555555556,4.166666666666667,4.166666666666667,3.4444444444444446,2.388888888888889,20.38888888888889,42.33588525234444
Rihanna,Female,1988,34,SINGER,MUSIC,5.705882352941177,3.0294117647058822,6.0588235294117645,2.794117647058824,6.029411764705882,3.2058823529411766,5.264705882352941,2.235294117647059,5.029411764705882,1.8823529411764703,54.6764705882353,48.64840707011125
Miley Cyrus,Female,1992,42,ACTOR,FILM AND THEATRE,6.571428571428571,4.190476190476191,4.190476190476191,3.7857142857142856,6.023809523809524,1.8333333333333333,4.761904761904762,3.952380952380953,3.2857142857142856,2.023809523809524,26.452380952380956,31.024174521591704
Selena Gomez,Female,1992,34,SINGER,MUSIC,5.529411764705882,2.794117647058824,5.5,3.5294117647058822,5.5,3.294117647058824,5.264705882352941,2.5588235294117645,4.911764705882353,2.3823529411764706,52.94117647058823,9.826144805041483
Steve Jobs,Male,1955,26,DESIGNER,DESIGN,4.884615384615385,4.615384615384615,5.807692307692308,3.3846153846153846,5.884615384615385,3.8846153846153846,3.5,1.9230769230769231,4.269230769230769,1.6153846153846154,24.96153846153846,36.288261493445205
Nicki Minaj,Female,1982,27,SINGER,MUSIC,6.25925925925926,5,4.111111111111111,3.888888888888889,5.185185185185185,1.4814814814814814,3.4814814814814814,3.925925925925926,3.1481481481481484,1.962962962962963,-2.2222222222222223,34.415721108249905
Taylor Swift,Female,1989,19,ACTOR,FILM AND THEATRE,5.631578947368421,2.8947368421052637,5.7368421052631575,3.736842105263158,4.7368421052631575,3.631578947368421,5.368421052631579,2.1578947368421053,4.526315789473684,2.5789473684210527,52.68421052631579,31.832048027906644
Tupac Shakur,Male,1971,19,SINGER,MUSIC,6.2631578947368425,5.157894736842105,4.789473684210527,3.5789473684210527,5.526315789473684,2.263157894736842,4.631578947368421,3.736842105263158,3.3157894736842106,1.7894736842105263,35.94736842105263,26.24391420289162
Mila Kunis,Female,1983,16,ACTOR,FILM AND THEATRE,5.8125,3.3125,5.3125,3.3125,5.4375,3.6875,5.375,3,5,2.9375,59.8125,32.294137059609064
Katy Perry,Female,1984,30,SINGER,MUSIC,6.2,3.4,5.166666666666667,3.3666666666666667,5.833333333333333,1.9666666666666663,5,2.9,4.033333333333333,1.9,30.6,58.310950016725315
Johnny Depp,Male,1963,26,ACTOR,FILM AND THEATRE,5.576923076923077,3.769230769230769,5.076923076923077,3.5384615384615383,5.769230769230769,3.3461538461538463,4.769230769230769,3.269230769230769,4.076923076923077,1.8461538461538465,58.30769230769231,47.47641860519061
Angelina Jolie,Female,1975,37,ACTOR,FILM AND THEATRE,4.972972972972973,3.6216216216216215,5.45945945945946,3.4864864864864864,5.837837837837838,4,4.837837837837838,2.4324324324324325,4.837837837837838,2.702702702702702,36.51351351351352,28.090111081622887
Megan Fox,Female,1986,22,ACTOR,FILM AND THEATRE,5.636363636363637,3.909090909090909,4.7727272727272725,3.363636363636364,5.727272727272728,2.8181818181818183,4.090909090909091,2.8181818181818183,4.227272727272728,2.636363636363636,24.863636363636363,38.73048811886888
Jay-Z,Male,1969,27,SINGER,MUSIC,5.111111111111111,4.296296296296297,5.25925925925926,3.4444444444444446,5.037037037037037,3.3703703703703702,3.7777777777777777,2.6666666666666665,4.703703703703703,1.962962962962963,19.51851851851852,14.650410334465564
Kanye West,Male,1977,28,SINGER,MUSIC,5.857142857142857,5.964285714285714,3.5357142857142856,5.642857142857143,5,2.107142857142857,3.2142857142857144,4.392857142857143,2.321428571428572,2.392857142857143,-4.035714285714286,4.049874298594162
The Rock,Male,1972,20,ACTOR,FILM AND THEATRE,6.65,3.1,5.95,2.05,5.6,2.25,5.55,1.8,5.3,2.6,56.6,48.132198269041496
Beyoncé,Female,1981,22,SINGER,MUSIC,6.181818181818182,3.772727272727273,5.5,3.272727272727273,5.318181818181818,2.6818181818181817,4.409090909090909,2.227272727272727,4.636363636363637,2.090909090909091,26.13636363636364,35.90149618873675
Britney Spears,Female,1981,29,SINGER,MUSIC,5.827586206896552,3.689655172413793,4.620689655172414,4.827586206896552,5.551724137931035,2.9655172413793105,5,3.724137931034482,3.206896551724138,2.2758620689655173,46.58620689655172,40.39279790425057
Will Smith,Male,1968,39,ACTOR,FILM AND THEATRE,6.615384615384615,3.025641025641025,6.051282051282051,2.769230769230769,6.102564102564102,2.358974358974359,5.487179487179487,2.282051282051282,5.102564102564102,2.076923076923077,58.79487179487179,54.097777813762306
Arnold Schwarzenegger,Male,1947,27,ACTOR,FILM AND THEATRE,6.222222222222222,3.814814814814815,6.037037037037037,2.2962962962962963,5.333333333333333,2.814814814814815,4.888888888888889,2.407407407407407,5.148148148148148,3.4814814814814814,54.629629629629626,46.3505501808447
Kristen Stewart,Female,1990,30,ACTOR,FILM AND THEATRE,3.033333333333333,3.8,5.2,4,5.066666666666666,5.266666666666667,4.166666666666667,3.033333333333333,4.6,2.933333333333333,20.933333333333337,62.24715081890909
Demi Lovato,Female,1992,28,SINGER,MUSIC,5.607142857142857,4.714285714285714,3.7142857142857135,5.464285714285714,5.571428571428571,2.571428571428572,4.214285714285714,4.178571428571429,2.4285714285714284,2,12.178571428571429,55.71085088123378
Bruce Lee,Male,1940,26,ACTOR,FILM AND THEATRE,4.961538461538462,3.230769230769231,6.6923076923076925,1.9230769230769231,5.807692307692308,4.384615384615385,4.807692307692308,1.8846153846153848,5.769230769230769,1.9615384615384617,63.38461538461539,47.31791808525675
Leonardo DiCaprio,Male,1974,30,ACTOR,FILM AND THEATRE,5.466666666666667,3.8333333333333335,5.433333333333334,3.3666666666666667,5.733333333333333,3.2333333333333334,4.7,2.566666666666667,4.833333333333333,2.2333333333333334,51.96666666666667,47.49853891529297
John Lennon,Male,1940,27,MUSICIAN,MUSIC,4.703703703703703,4.185185185185185,4.888888888888889,3.407407407407407,5.7407407407407405,4.333333333333333,4.7407407407407405,2.962962962962963,4.481481481481482,1.8888888888888888,39.629629629629626,66.27925992401121
Elvis Presley,Male,1935,32,SINGER,MUSIC,6.34375,3.96875,3.9375,3.78125,5.21875,2.375,4.6875,3.8125,3.71875,2.21875,37.65625,39.74128331833594
Heath Ledger,Male,1979,20,ACTOR,FILM AND THEATRE,4.8,3.2,5.15,3.9,5.85,4.3,5.3,2.55,3.8,2.4,56.1,26.20746380009175
Charlie Sheen,Male,1965,27,ACTOR,FILM AND THEATRE,6.111111111111111,5.814814814814815,2.6666666666666665,5.148148148148148,5.25925925925926,1.8888888888888888,3.037037037037037,5.555555555555555,2.1481481481481484,2.925925925925926,-36.37037037037037,26.687048277047246
Jennifer Aniston,Female,1969,28,ACTOR,FILM AND THEATRE,6.035714285714286,2.9285714285714284,5.785714285714286,3.321428571428572,5.178571428571429,3.142857142857143,5.285714285714286,2.357142857142857,5.214285714285714,2.6785714285714284,51.892857142857146,47.54726444423079
Bob Marley,Male,1945,20,MUSICIAN,MUSIC,5.05,2.8,4.95,2.95,6,3.7,5.65,2.7,4.95,1.75,55.6,53.79061325343519
Brad Pitt,Male,1963,28,ACTOR,FILM AND THEATRE,5.392857142857143,3.357142857142857,4.857142857142857,3.107142857142857,5.214285714285714,3.107142857142857,4.75,3.25,4.357142857142857,3.107142857142857,37.785714285714285,40.44729549796806
Tom Cruise,Male,1962,38,ACTOR,FILM AND THEATRE,5.921052631578948,5.078947368421052,5.7368421052631575,4.157894736842105,5.026315789473684,2.921052631578948,3.736842105263158,2.6052631578947367,3.236842105263158,2.789473684210526,1.973684210526316,34.028370999871626
Scarlett Johansson,Female,1984,38,ACTOR,FILM AND THEATRE,5.342105263157895,2.8947368421052637,5.605263157894737,2.526315789473684,5.526315789473684,3.3684210526315788,5.026315789473684,2.3157894736842106,5.2105263157894735,2.6578947368421053,47.8421052631579,54.623593664740255
50 Cent,Male,1975,22,SINGER,MUSIC,5.863636363636363,5.090909090909091,5.090909090909091,3.727272727272727,5.181818181818182,2.090909090909091,3.5454545454545454,3.1818181818181817,3.590909090909091,2.409090909090909,31.40909090909091,21.41407957468623
Robert Pattinson,Male,1986,20,ACTOR,FILM AND THEATRE,4.2,3.25,5.6,3.4,5.55,4.8,4.3,2.95,4.6,2.8,41.35,30.998380279853755
Mariah Carey,Female,1970,27,SINGER,MUSIC,5.62962962962963,4,4.851851851851852,3.851851851851851,4.407407407407407,2.6666666666666665,4.37037037037037,3.2222222222222223,3.814814814814815,2.703703703703704,18.62962962962963,45.84356064624447
Amy Winehouse,Female,1983,21,MUSICIAN,MUSIC,5.047619047619048,3.6666666666666665,3.333333333333333,5.047619047619048,5.714285714285714,3.095238095238096,4.476190476190476,4.619047619047619,2.1904761904761907,1.380952380952381,33.904761904761905,40.98719936785227
Jennifer Lopez,Female,1969,32,SINGER,MUSIC,6.3125,3.71875,6.15625,2.9375,5.5625,2.34375,4.96875,2.28125,4.78125,2.40625,47.1875,22.660517211662444
Natalie Portman,Female,1981,23,ACTOR,FILM AND THEATRE,5,2.5217391304347827,5.956521739130435,3.0869565217391304,5.739130434782608,4.043478260869565,5.521739130434782,2.4347826086956523,5.217391304347826,2.782608695652174,57.43478260869565,62.481916883238625
Mark Wahlberg,Male,1971,27,ACTOR,FILM AND THEATRE,5.814814814814815,4.25925925925926,5.185185185185185,3.2962962962962963,5.185185185185185,2.925925925925926,4.37037037037037,3.074074074074074,4.444444444444445,3.6666666666666665,34.370370370370374,25.402525566266984
Justin Timberlake,Male,1981,24,SINGER,MUSIC,6.375,3.75,5.041666666666667,3.7083333333333335,5.25,2.0416666666666665,4.416666666666667,3,4.541666666666667,2.6666666666666665,26.875,35.16426214447924
Emma Watson,Female,1990,34,ACTOR,FILM AND THEATRE,5,2.5294117647058822,6.117647058823529,3.323529411764706,5.470588235294118,4.352941176470588,5.705882352941177,1.911764705882353,5.5588235294117645,2.4411764705882355,61.5,59.45571358478816
Freddie Mercury,Male,1946,29,MUSICIAN,MUSIC,6.172413793103448,3.206896551724138,5.482758620689655,3.724137931034482,6.517241379310345,2.586206896551724,5.482758620689655,3.1379310344827585,3.7586206896551726,1.1724137931034482,67.17241379310344,17.05510217998179
Bruno Mars,Male,1985,26,SINGER,MUSIC,6.115384615384615,2.3846153846153846,5.538461538461538,2.5,5.846153846153846,2.8461538461538463,5.230769230769231,2.0384615384615383,5.307692307692308,1.8461538461538465,54.61538461538461,71.75144468093015
Zooey Deschanel,Female,1980,12,ACTOR,FILM AND THEATRE,5.5,2.4166666666666665,5.416666666666667,3.9166666666666665,5.333333333333333,3.6666666666666665,5.583333333333333,3.583333333333333,4.416666666666667,2.4166666666666665,61,34.262417741683855
Jennifer Lawrence,Female,1990,22,ACTOR,FILM AND THEATRE,5.818181818181818,3.727272727272727,5.2727272727272725,3.409090909090909,5.636363636363637,3.272727272727273,5.318181818181818,3.090909090909091,4.7727272727272725,2.590909090909091,51.45454545454545,66.70791148281316
Whitney Houston,Female,1963,31,SINGER,MUSIC,5.580645161290323,3.903225806451613,4.548387096774194,4.096774193548387,5.193548387096774,3.161290322580645,5.096774193548387,3.3225806451612905,3.612903225806451,1.806451612903225,47.83870967741935,31.12480300890484
Snoop Dogg,Male,1971,41,MUSICIAN,MUSIC,5.853658536585366,2.926829268292683,5.121951219512195,2.463414634146341,5.829268292682927,2.8292682926829267,5,3.1219512195121952,5.219512195121951,1.6341463414634143,58.073170731707314,41.96102527071352
Shakira,Female,1977,23,SINGER,MUSIC,6.217391304347826,3.130434782608696,5.434782608695652,3.130434782608696,5.695652173913044,2.4782608695652173,5.434782608695652,2.782608695652174,5,1.9565217391304348,55.82608695652174,46.787112492107354
Neil Patrick Harris,Male,1973,32,ACTOR,FILM AND THEATRE,6.34375,2.84375,5.59375,2.5625,5.96875,2.34375,5.6875,2.34375,5.3125,2.09375,60.34375,42.77179724041662
Ryan Reynolds,Male,1976,30,ACTOR,FILM AND THEATRE,6.733333333333333,2.5,5.766666666666667,2.2666666666666666,6.033333333333333,2.1666666666666665,5.7,2.433333333333333,5.3,2.033333333333333,66.53333333333333,35.483573188872555
Sylvester Stallone,Male,1946,30,ACTOR,FILM AND THEATRE,5.8,3.4,6.066666666666666,2.466666666666667,5.433333333333334,2.833333333333333,4.9,2.2333333333333334,5.1,2.333333333333333,51.63333333333333,60.456044099487016
Christian Bale,Male,1974,22,ACTOR,FILM AND THEATRE,4.590909090909091,4.136363636363637,5.954545454545454,4.409090909090909,5.363636363636363,3.863636363636364,3.863636363636364,2.5,4,2.3181818181818183,41.36363636363637,47.71586987709246
Lindsay Lohan,Female,1986,31,ACTOR,FILM AND THEATRE,5.741935483870968,4.161290322580645,3.225806451612903,4.838709677419355,4.935483870967742,2.290322580645161,4.032258064516129,4.354838709677419,2.806451612903226,2.870967741935484,18.258064516129032,-10.39552393591875
Macaulay Culkin,Male,1980,25,ACTOR,FILM AND THEATRE,4.8,3.76,4.16,4.28,5.44,4.32,4.48,4,3.96,2.8,31.32,40.2924161843962
The Notorious B.I.G.,Male,1972,24,SINGER,MUSIC,6.083333333333333,4.875,5.416666666666667,3.1666666666666665,5.625,2.458333333333333,4.291666666666667,2.958333333333333,4.208333333333333,1.75,53.958333333333336,35.373226562538754
Channing Tatum,Male,1980,20,ACTOR,FILM AND THEATRE,5.95,2.25,5.35,2.6,5.6,2.65,5.1,2.55,5.5,2.8,47.5,36.85146961390694
Kaley Cuoco,Female,1985,16,ACTOR,FILM AND THEATRE,6.1875,3,4.875,3.125,5.3125,2.5,5.1875,3.375,4.9375,2.6875,50.125,44.1719770962316
Taylor Lautner,Male,1992,24,ACTOR,FILM AND THEATRE,4.75,2.625,5.25,2.958333333333333,5.041666666666667,4.416666666666667,5,2.6666666666666665,4.958333333333333,3.5,45.125,39.51475020735509
Adam Sandler,Male,1966,34,ACTOR,FILM AND THEATRE,6.5588235294117645,3.0588235294117645,5.235294117647059,2.411764705882353,5.617647058823529,2.294117647058824,5.441176470588236,2.735294117647059,4.647058823529412,1.9411764705882355,51.44117647058823,48.11571403439173
Emma Stone,Female,1988,28,ACTOR,FILM AND THEATRE,5.857142857142857,2.571428571428572,5.607142857142857,2.821428571428572,5.571428571428571,2.9285714285714284,5.5,2.392857142857143,5.142857142857143,2.25,60.82142857142857,57.82596073759864
Kurt Cobain,Male,1967,22,SINGER,MUSIC,3.727272727272727,4.227272727272728,3.5454545454545454,5.181818181818182,5.227272727272728,4.090909090909091,4.181818181818182,4.409090909090909,2.363636363636364,1.681818181818182,35.63636363636363,17.23139224586403
Jackie Chan,Male,1954,26,ACTOR,FILM AND THEATRE,5.615384615384615,2.423076923076923,6.576923076923077,2.1538461538461537,5.576923076923077,3.923076923076923,5.576923076923077,1.9615384615384617,5.615384615384615,2.6153846153846154,67.92307692307692,86.07414144894791
Ashton Kutcher,Male,1978,19,ACTOR,FILM AND THEATRE,6.2105263157894735,2.9473684210526314,5.2105263157894735,2.789473684210526,6,2.8421052631578947,5.157894736842105,3.0526315789473686,4.842105263157895,2.263157894736842,53,36.72265553419143
Vanessa Hudgens,Female,1988,15,ACTOR,FILM AND THEATRE,5.333333333333333,3,4.6,3.533333333333333,5.4,3.933333333333333,4.8,3.1333333333333333,4.466666666666667,3.2666666666666666,28.933333333333337,53.7865121673797
Kesha,Female,1987,28,SINGER,MUSIC,6.107142857142857,3.357142857142857,5,3.7142857142857135,5.642857142857143,2.25,5.214285714285714,3.2142857142857144,4.25,1.9285714285714288,51.10714285714285,35.70444323532151
Sandra Bullock,Female,1964,20,ACTOR,FILM AND THEATRE,5.75,2.75,5.75,3.25,5.4,3,5.65,2.6,5.25,2.75,64.1,70.50289623010623
Dr. Dre,Male,1965,13,SINGER,MUSIC,5.076923076923077,3.4615384615384617,5.846153846153846,2.6153846153846154,5.846153846153846,3.615384615384616,4,2.230769230769231,4.923076923076923,2.076923076923077,49.38461538461539,43.4606640551267
Christina Aguilera,Female,1980,22,SINGER,MUSIC,6.2727272727272725,3.8181818181818175,5.409090909090909,3.5,5.590909090909091,2.090909090909091,4.909090909090909,3.136363636363636,4.181818181818182,1.9090909090909087,45.18181818181818,57.69158149523691
Avril Lavigne,Female,1984,26,MUSICIAN,MUSIC,5.307692307692308,3.615384615384616,4.769230769230769,3.4615384615384617,5.538461538461538,3.3076923076923075,4.961538461538462,3.269230769230769,4.461538461538462,2.076923076923077,33.30769230769231,42.942978665944416
Elizabeth Taylor,Female,1932,21,ACTOR,FILM AND THEATRE,6,4.095238095238095,5.285714285714286,3.952380952380953,5.714285714285714,2.4285714285714284,5.238095238095238,2.9047619047619047,3.8095238095238098,2.2857142857142856,48.47619047619048,66.71570207928494
Brittany Murphy,Female,1977,15,ACTOR,FILM AND THEATRE,5.6,2.4,5,4.2,5.2,3.4,5.533333333333333,3.066666666666667,4,2.7333333333333334,56.2,43.91061817172164
Jim Carrey,Male,1962,28,ACTOR,FILM AND THEATRE,6.714285714285714,3.7857142857142856,5.107142857142857,3.571428571428572,5.821428571428571,1.8214285714285712,4.785714285714286,3.392857142857143,3.642857142857143,1.5357142857142858,48.5,13.213140471210362
Clint Eastwood,Male,1930,22,ACTOR,FILM AND THEATRE,4.818181818181818,4.090909090909091,5.727272727272728,2.5454545454545454,4.227272727272728,4.363636363636363,3.954545454545455,2.909090909090909,5.136363636363637,3.272727272727273,35.77272727272727,41.57575138029874
Vin Diesel,Male,1967,24,ACTOR,FILM AND THEATRE,6.041666666666667,3.7083333333333335,5.583333333333333,2.9166666666666665,5.666666666666667,2.25,4.416666666666667,2.5416666666666665,4.625,2.75,62.333333333333336,49.89784528735191
Jessica Alba,Female,1981,21,ACTOR,FILM AND THEATRE,5.619047619047619,2.7142857142857144,5.571428571428571,3.047619047619047,5.285714285714286,3.6666666666666665,5.333333333333333,2.4761904761904763,5.238095238095238,3.047619047619047,42.95238095238095,37.172406338624086
Audrey Hepburn,Female,1929,17,ACTOR,FILM AND THEATRE,4.764705882352941,2.0588235294117645,5.705882352941177,2.411764705882353,5.941176470588236,3.941176470588235,6,1.8823529411764703,5.705882352941177,1.7647058823529411,72.76470588235294,84.81196532504123
Jimi Hendrix,Male,1942,23,MUSICIAN,MUSIC,6.130434782608695,3.391304347826087,5.217391304347826,3.217391304347826,6.130434782608695,3,5.086956521739131,3.652173913043478,4.3478260869565215,1.6521739130434785,63.60869565217392,42.32635381474497
Jason Statham,Male,1967,20,ACTOR,FILM AND THEATRE,5.1,4.15,5.65,3,5.2,3.8,4.55,2.7,4.6,3.6,39.9,49.14693741496389
Chuck Norris,Male,1940,32,ACTOR,FILM AND THEATRE,5.21875,3.34375,6.15625,2.59375,5.4375,4.09375,5.03125,2.40625,5.625,3.125,50.53125,16.00789388800866
David Bowie,Male,1947,22,SINGER,MUSIC,6.227272727272728,2.636363636363636,5.136363636363637,3.272727272727273,6.227272727272728,3.0454545454545454,5.090909090909091,2.863636363636364,4.136363636363637,1.5,66.0909090909091,64.3139025932042
Paul McCartney,Male,1942,24,MUSICIAN,MUSIC,5.833333333333333,2.833333333333333,5.666666666666667,3.083333333333333,5.75,3.9166666666666665,5.166666666666667,2.6666666666666665,5.041666666666667,2.208333333333333,43.583333333333336,50.08059059413246
Olivia Wilde,Female,1984,15,ACTOR,FILM AND THEATRE,5.133333333333334,3.6,5.266666666666667,3.6666666666666665,5.4,4.066666666666666,5,2.933333333333333,5.2,3.4,32.46666666666667,51.333253644613265
James Franco,Male,1978,26,ACTOR,FILM AND THEATRE,5.769230769230769,4.5,3.923076923076923,3.3076923076923075,5.5,2.3846153846153846,3.423076923076923,4.576923076923077,3.615384615384616,2.0384615384615383,-10.692307692307692,36.430910024324675
Wiz Khalifa,Male,1987,22,SINGER,MUSIC,5.681818181818182,3.954545454545455,4.681818181818182,3.0454545454545454,5.545454545454546,2.6818181818181817,4.454545454545454,4.090909090909091,4.2727272727272725,2.363636363636364,33.40909090909091,39.891502561067114
Zac Efron,Male,1987,21,ACTOR,FILM AND THEATRE,5.904761904761905,2.7142857142857144,5.047619047619048,2.7142857142857144,5.666666666666667,2.6666666666666665,4.761904761904762,2.952380952380953,4.666666666666667,2.523809523809524,44.142857142857146,27.307691054948492
Ryan Gosling,Male,1980,25,ACTOR,FILM AND THEATRE,5.76,2.6,5.72,2.24,5.72,3.48,5.4,2.36,5.32,2.72,59.6,65.68438960344272
Bob Dylan,Male,1941,26,MUSICIAN,MUSIC,4.653846153846154,3.5384615384615383,5.230769230769231,3.3076923076923075,5.846153846153846,3.923076923076923,5.076923076923077,3,4.6923076923076925,1.8461538461538465,49.73076923076923,56.83871438381269
Liam Neeson,Male,1952,32,ACTOR,FILM AND THEATRE,4.65625,3.9375,5.6875,2.96875,4.84375,4.375,5.0625,2.59375,5.21875,3.3125,51.625,50.24327964431743
Quentin Tarantino,Male,1963,25,FILM DIRECTOR,FILM AND THEATRE,5.52,4.52,5.48,3.68,5.92,2.8,3.76,2.6,4.12,1.52,32.12,-15.677438078381854
Joseph Gordon-Levitt,Male,1981,13,ACTOR,FILM AND THEATRE,5.923076923076923,1.8461538461538465,5.923076923076923,2.3076923076923075,6,3.615384615384616,5.384615384615385,1.8461538461538465,5.846153846153846,2.6153846153846154,73.23076923076923,66.96448785541776
